nickname,guild
Nevjeben4ik,2 Boobs & 2 Bubbles
Lioncub,2 Boobs & 2 Bubbles
llldgaflll,2 Boobs & 2 Bubbles
Fuero,2 Boobs & 2 Bubbles
Don,2 Boobs & 2 Bubbles
sasook007sasok,2 Boobs & 2 Bubbles
Kamikaze,2 Boobs & 2 Bubbles
vatasher,2 Boobs & 2 Bubbles
Lion22,2 Boobs & 2 Bubbles
li4inka,2 Boobs & 2 Bubbles
jacksparrow,Black Pearl
Na1veMan,Boobs & Bubbles
AndreyBaz.,Boobs & Bubbles
Bonch,Boobs & Bubbles
Zhafrei,Boobs & Bubbles
GrafKrestovski,Boobs & Bubbles
Rufus,Boobs & Bubbles
Serg.,Boobs & Bubbles
Gabwell,Boobs & Bubbles
gikach,Boobs & Bubbles
mels.33,Boobs & Bubbles
Geka,Boobs & Bubbles Elite
Winni,Boobs & Bubbles Elite
BARABAN,Boobs & Bubbles Elite
Bahus,Boobs & Bubbles Elite
banana,Boobs & Bubbles Elite
meren1990,Boobs & Bubbles Elite
deadliest,Boobs & Bubbles Elite
HIGHTOWER,Boobs & Bubbles Elite
GreGo,Boobs & Bubbles Elite
MilanaEva,Boobs & Bubbles Elite
mariyafilatova,Boobs & Bubbles Family
.V.,Boobs & Bubbles Family
Karp,Boobs & Bubbles Family
Legendare,Boobs & Bubbles Family
Viking,Boobs & Bubbles Family
Voin,Boobs & Bubbles Family
Temochka,Boobs & Bubbles Family
PARZIVAL.,Boobs & Bubbles Family
Sardina,Boobs & Bubbles Family
SmartRein,Boobs & Bubbles Family
gladiosrus,Boobs & Bubbles III
Part1zan,Boobs & Bubbles III
Petrower,Boobs & Bubbles III
maxim,Boobs & Bubbles III
Kokon,Boobs & Bubbles III
Xegram,Boobs & Bubbles III
Denny177,Boobs & Bubbles III
Losos,Boobs & Bubbles III
Yua78,Boobs & Bubbles III
Romix,Boobs & Bubbles III
Veteran,Boobs & Bubbles Outsiders
onotole,Boobs & Bubbles Outsiders
Reapersiberi,Boobs & Bubbles Outsiders
Neon25,Boobs & Bubbles Outsiders
Calvados,Boobs & Bubbles Outsiders
ChSkiv,Boobs & Bubbles Outsiders
Mark199615,Boobs & Bubbles Outsiders
FullMetall,Boobs & Bubbles Outsiders
DearBasilisk,Boobs & Bubbles Outsiders
ruslanovna,Boobs & Bubbles Outsiders
Valdmar,Bosses of this gym
Olle,Bosses of this gym
VM5,Bosses of this gym
Fedash,Bosses of this gym
Inhale,Bosses of this gym
DEZZY,Bosses of this gym
lucky1978,Gorishni Plavni
Stealth,Gorishni Plavni
Varvara,Gorishni Plavni
XochuMashu,Gorishni Plavni
Golodranec,Gorishni Plavni
Zaratustra,Gorishni Plavni
Veniamin,Gorishni Plavni
Kotygoroshko,Gorishni Plavni
Bubochka,Gorishni Plavni
nosok,Gorishni Plavni
Pti4ka,Magic Alchemy Group
RegbySM,Magic Alchemy Group
Tuoak,Magic Alchemy Group
artykays,Magic Alchemy Group
quazar9,Magic Alchemy Group
gggg,Magic Alchemy Group
SLAVAN,SLAVAN
Ostalnoe,Cyxapuku
Paranaue,Cyxapuku
sashaquaker,X3Q3
RmnZ,X3Q3
Stacy,X3Q3
Yanki2000,Y2000
GhizJt,Y2000
DeFiVoyager,Your Whole Guild Lost To Me
leto,web3 шляхта
sultan,web3 шляхта
elam,web3 шляхта
natali12,web3 шляхта
tiger,web3 шляхта
volodar,web3 шляхта
degen,web3 шляхта
midoks,web3 шляхта
nagibat,web3 шляхта
pastor,web3 шляхта
Eeopi,Гильдия
Kanifoll,Гильдия
KirilSt,Гильдия
Kuzhalkov,Гильдия
swetlana,Гильдия
Wheppy,Гильдия
FoxHunter,Гильдия
Zolin,Гильдия
Farmaka,Гильдия
Victorshlikov,Гильдия
Artemko,Гильдия 2
Zoltan,Гильдия 2
Far,Гильдия 2
Spartach,Гильдия 2
BATMAN,Гильдия 2
XALDEi,Гильдия 2
VsHeV,Гильдия 2
AXXXGXXX,Гильдия 2
k1uofficial,Гильдия 2
Sepsetto,Гильдия 2
Vortex12,Гильдия 3
watafata,Гильдия 3
JaysonBY,Гильдия 3
piharys,Гильдия 3
Porychik32,Гильдия 3
Vnaturetop,Гильдия 3
JuliaNa,Гильдия 3
g66g,Гильдия 3
kiselmix,Гильдия 3
IntexDniwe,Гильдия 3
lizardi9,Гильдия 5
Konamen,Гремучая Настойка
hubober,Гремучая Настойка
Bora,Гремучая Настойка
ya.vanya.,Гремучая Настойка
Striker,Гремучая Настойка
Sunch,Гремучая Настойка
Gangsstar,Гремучая Настойка
Range,Гремучая Настойка
Trololo,Гремучая Настойка
Avzor,Гремучая Настойка
Natik,МММ П*здюки 1
krokodile19866,МММ П*здюки 1
prorok44,МММ П*здюки 1
sutraman,МММ П*здюки 1
Richapo,МММ П*здюки 1
Gala,МММ П*здюки 1
Dominoshka,МММ П*здюки 1
INKsander,МММ П*здюки 1
Steeltm,МММ П*здюки 1
69sinus69.2,МММ П*здюки 1
marines,МММ П*здюки 2
Shakyr,МММ П*здюки 2
RamilShaman,МММ П*здюки 2
Abramovich,МММ П*здюки 2
nfttv.moca,МММ П*здюки 2
stud,МММ П*здюки 2
Graugmaster,МММ П*здюки 2
SV4,МММ П*здюки 2
Racoon,МММ П*здюки 2
CleanAir,МММ П*здюки 2
Fenryr,МММ П*здюки 3
Apostol.13,МММ П*здюки 3
Danyaururu,МММ П*здюки 3
VladimirBaks,МММ П*здюки 3
Bolschoy,МММ П*здюки 3
ProMaks, МММ П*здюки 3
Raintihas,МММ П*здюки 3
AntonyCooper,МММ П*здюки 3
leksafim,МММ П*здюки 3
SWP,МММ П*здюки 3
Orogorn,Хлебные Крошки (состав 1)
SPACE,Хлебные Крошки (состав 1)
meow.meow,Хлебные Крошки (состав 1)
Slonyara,Хлебные Крошки (состав 1)
Wrestler,Хлебные Крошки (состав 1)
Shams786,Хлебные Крошки (состав 1)
kostik2424,Хлебные Крошки (состав 1)
redF426,Хлебные Крошки (состав 1)
PRODOOMAN,Хлебные Крошки (состав 1)
Floran,Хлебные Крошки (состав 1)
angel999,Crypto Inside
Maaxes,Crypto Inside
Den4ig,Crypto Inside
Bekbol01,Crypto Inside
CardinaL,Crypto Inside
sergeidsa,Crypto Inside
blazer,Crypto Inside
Regatta,Crypto Inside
KsandrShot,Crypto Inside
NYASHNO,Crypto Inside
LeBron,TEAM RUDY
Kalipsa1512,TEAM RUDY
Bombalaya,TEAM RUDY
buhalo,TEAM RUDY
23RUDY23,TEAM RUDY
Magon,TEAM RUDY
Darkan,TEAM RUDY
Cheshire,TEAM RUDY
Violence,TeamKillers
tkSp1der,TeamKillers
Failmonkas,TeamKillers
AmigoTK,TeamKillers
NikolNatali,Гильдия 4
CTAKAH,Гильдия 4
Vitua,Гильдия 4
Gena369,Гильдия 4
1lion1,Гильдия 4
petro,Гильдия 4
Voljin,Гильдия 4
DreaDMonstR,Гильдия 4
Gudwin,Гильдия 4
ArtAlVld,Гильдия 4
Nikson135,Boobs & Bubbles Slowpokes
JustRekt,Boobs & Bubbles Slowpokes
Olegio,Boobs & Bubbles Slowpokes
VasFom,Boobs & Bubbles Slowpokes
Gods,Boobs & Bubbles Slowpokes
Tatsu,Boobs & Bubbles Slowpokes
AlexandrAlhimov,Boobs & Bubbles Slowpokes
Ramatra008,Boobs & Bubbles Slowpokes
JohnyBaboon,Boobs & Bubbles Slowpokes
Meteor66,METEOR66 
StabaR,StabaRG
LorMD.0o3,LordMD
shurikgur,Boobs & Bubbles AFK
INVOID,Boobs & Bubbles AFK
Meerkat,Boobs & Bubbles AFK
legacyph,Boobs & Bubbles AFK
npo100sx,Boobs & Bubbles AFK
Resense,Boobs & Bubbles AFK
zaebars,Boobs & Bubbles AFK
Makspower,Boobs & Bubbles AFK
KoBaTeJIb,Boobs & Bubbles AFK
Xonic13,Boobs & Bubbles AFK
4ikipiki,4ikipuki 
Irkut2049,MMM P.4
JustxKris,MMM P.4
WhiteMoon,MMM P.4
Ork,MMM P.4
Ginning,MMM P.4
